-- Adminer 4.8.1 MySQL 11.2.2-MariaDB-1:11.2.2+maria~ubu2204 dump

SET NAMES utf8;
SET time_zone = '+00:00';
SET foreign_key_checks = 0;
SET sql_mode = 'NO_AUTO_VALUE_ON_ZERO';

SET NAMES utf8mb4;

DROP TABLE IF EXISTS `alembic_version`;
CREATE TABLE `alembic_version` (
  `version_num` varchar(32) NOT NULL,
  PRIMARY KEY (`version_num`)
) ENGINE=InnoDB DEFAULT CHARSET=utf8mb4 COLLATE=utf8mb4_general_ci;

INSERT INTO `alembic_version` (`version_num`) VALUES
('b8debe09a98e');

DROP TABLE IF EXISTS `tbl_courses`;
CREATE TABLE `tbl_courses` (
  `course_id` int(11) NOT NULL AUTO_INCREMENT,
  `course_name` varchar(255) NOT NULL,
  `department_id` int(11) NOT NULL,
  PRIMARY KEY (`course_id`),
  KEY `department_id` (`department_id`),
  CONSTRAINT `tbl_courses_ibfk_1` FOREIGN KEY (`department_id`) REFERENCES `tbl_departments` (`department_id`)
) ENGINE=InnoDB DEFAULT CHARSET=utf8mb4 COLLATE=utf8mb4_general_ci;

INSERT INTO `tbl_courses` (`course_id`, `course_name`, `department_id`) VALUES
(9,	'Science 6 (General)',	2),
(10,	'Science 7 (Life)',	2),
(11,	'Science 8 (Earth)',	2),
(12,	'Science 9 (Physical)',	2),
(13,	'General Biology',	2),
(14,	'General Chemistry',	2),
(15,	'General Physics',	2);

DROP TABLE IF EXISTS `tbl_departments`;
CREATE TABLE `tbl_departments` (
  `department_id` int(11) NOT NULL AUTO_INCREMENT,
  `department_name` varchar(50) NOT NULL,
  PRIMARY KEY (`department_id`)
) ENGINE=InnoDB DEFAULT CHARSET=utf8mb4 COLLATE=utf8mb4_general_ci;

INSERT INTO `tbl_departments` (`department_id`, `department_name`) VALUES
(1,	'Bible'),
(2,	'Science'),
(3,	'Math'),
(4,	'English'),
(5,	'Fine Arts'),
(6,	'History / Social Studies'),
(7,	'Foreign Languages'),
(8,	'Health / PE'),
(9,	'Literature'),
(10,	'Computers'),
(11,	'Performing Arts'),
(12,	'Career and Technical Education'),
(13,	'Business Education'),
(14,	'Technology Education'),
(15,	'Special Education'),
(16,	'Guidance Counseling'),
(17,	'Library / Media Center');

DROP TABLE IF EXISTS `tbl_enrollments`;
CREATE TABLE `tbl_enrollments` (
  `enrollment_id` int(11) NOT NULL AUTO_INCREMENT,
  `student_id` int(11) NOT NULL,
  `section_id` int(11) NOT NULL,
  PRIMARY KEY (`enrollment_id`),
  KEY `section_id` (`section_id`),
  KEY `student_id` (`student_id`),
  CONSTRAINT `tbl_enrollments_ibfk_1` FOREIGN KEY (`section_id`) REFERENCES `tbl_sections` (`section_id`),
  CONSTRAINT `tbl_enrollments_ibfk_2` FOREIGN KEY (`student_id`) REFERENCES `tbl_student` (`student_id`)
) ENGINE=InnoDB DEFAULT CHARSET=utf8mb4 COLLATE=utf8mb4_general_ci;


DROP TABLE IF EXISTS `tbl_gender`;
CREATE TABLE `tbl_gender` (
  `gender_id` int(11) NOT NULL AUTO_INCREMENT,
  `gender_name` varchar(20) NOT NULL,
  PRIMARY KEY (`gender_id`)
) ENGINE=InnoDB DEFAULT CHARSET=utf8mb4 COLLATE=utf8mb4_general_ci;

INSERT INTO `tbl_gender` (`gender_id`, `gender_name`) VALUES
(1,	'Male'),
(2,	'Female');

DROP TABLE IF EXISTS `tbl_grade_levels`;
CREATE TABLE `tbl_grade_levels` (
  `grade_id` int(11) NOT NULL AUTO_INCREMENT,
  `grade_name` varchar(20) NOT NULL,
  PRIMARY KEY (`grade_id`)
) ENGINE=InnoDB DEFAULT CHARSET=utf8mb4 COLLATE=utf8mb4_general_ci;

INSERT INTO `tbl_grade_levels` (`grade_id`, `grade_name`) VALUES
(1,	'PK3'),
(2,	'PK4'),
(3,	'KDG'),
(4,	'1'),
(5,	'2'),
(6,	'3'),
(7,	'4'),
(8,	'5'),
(9,	'6'),
(10,	'7'),
(11,	'8'),
(12,	'9'),
(13,	'10'),
(14,	'11'),
(15,	'12');

DROP TABLE IF EXISTS `tbl_sections`;
CREATE TABLE `tbl_sections` (
  `section_id` int(11) NOT NULL AUTO_INCREMENT,
  `section_name` varchar(20) NOT NULL,
  `course_id` int(11) NOT NULL,
  `grade_id` int(11) NOT NULL,
  PRIMARY KEY (`section_id`),
  KEY `course_id` (`course_id`),
  KEY `grade_id` (`grade_id`),
  CONSTRAINT `tbl_sections_ibfk_1` FOREIGN KEY (`course_id`) REFERENCES `tbl_courses` (`course_id`),
  CONSTRAINT `tbl_sections_ibfk_2` FOREIGN KEY (`grade_id`) REFERENCES `tbl_grade_levels` (`grade_id`)
) ENGINE=InnoDB DEFAULT CHARSET=utf8mb4 COLLATE=utf8mb4_general_ci;


DROP TABLE IF EXISTS `tbl_student`;
CREATE TABLE `tbl_student` (
  `student_id` int(11) NOT NULL AUTO_INCREMENT,
  `student_fname` varchar(45) DEFAULT NULL,
  `student_lname` varchar(45) DEFAULT NULL,
  `student_gender_id` int(11) DEFAULT NULL,
  `grade_level_id` int(11) DEFAULT NULL,
  `student_age` int(11) DEFAULT NULL,
  PRIMARY KEY (`student_id`),
  KEY `student_gender_id` (`student_gender_id`),
  KEY `grade_level_id` (`grade_level_id`),
  CONSTRAINT `tbl_student_ibfk_12` FOREIGN KEY (`grade_level_id`) REFERENCES `tbl_grade_levels` (`grade_id`),
  CONSTRAINT `tbl_student_ibfk_2` FOREIGN KEY (`student_gender_id`) REFERENCES `tbl_gender` (`gender_id`)
) ENGINE=InnoDB DEFAULT CHARSET=utf8mb3 COLLATE=utf8mb3_general_ci;

INSERT INTO `tbl_student` (`student_id`, `student_fname`, `student_lname`, `student_gender_id`, `grade_level_id`, `student_age`) VALUES
(11,	'Jeremy',	'Stitch',	1,	8,	11),
(12,	'Quinton',	'Kocher',	2,	14,	18),
(13,	'Lander',	'Busse',	2,	13,	17),
(14,	'Badge',	'Busse',	2,	11,	14),
(15,	'Daniel',	'Beresky',	2,	14,	18),
(16,	'David',	'Beresky',	2,	11,	14),
(17,	'Derek',	'Beresky',	2,	9,	12),
(26,	'Ron',	'Allen',	2,	14,	18),
(27,	'William',	'Arthur',	2,	14,	17),
(29,	'Jeff',	'Bania',	2,	11,	14),
(31,	'Thomas',	'Brown',	2,	5,	8),
(34,	'Jeff',	'Clay',	2,	12,	14),
(37,	'Greg',	'Hochstetler',	2,	2,	5),
(39,	'Tim',	'Johnson',	2,	14,	18),
(40,	'Eric',	'Johnson',	2,	13,	17),
(41,	'Jerry',	'King',	2,	12,	15),
(42,	'James',	'Lambright',	2,	13,	17),
(43,	'Heath',	'Lambright',	2,	9,	12),
(44,	'Rod',	'Linville',	2,	3,	6),
(45,	'Brent',	'Lowe',	2,	10,	13),
(46,	'Rex',	'Lowe',	2,	13,	17),
(47,	'Brian',	'Miller',	2,	14,	18),
(49,	'Frank',	'Oren',	2,	13,	17),
(51,	'Matthew',	'Patsch',	2,	12,	15),
(53,	'Chris',	'Ricker',	2,	13,	17),
(54,	'Alan',	'Ripper',	2,	7,	10),
(55,	'Adam',	'Ripper',	2,	9,	12),
(58,	'Tim',	'Scheutzow',	2,	14,	18),
(59,	'Jim',	'Surratt',	2,	1,	4),
(61,	'George',	'Vermilyea',	2,	14,	18),
(64,	'Michael',	'Winter',	2,	13,	17),
(65,	'David',	'Winter',	2,	11,	14),
(69,	'Bill',	'Bixby',	2,	2,	5),
(71,	'Justin',	'Brenenstuhl',	2,	4,	7),
(74,	'Bruce',	'Collier',	2,	12,	15),
(75,	'Matthew',	'Hoert',	2,	5,	8),
(76,	'Chad',	'Hoert',	2,	12,	15),
(77,	'Joshua',	'Hoert',	2,	7,	10),
(78,	'Zach',	'Misenko',	2,	10,	13),
(79,	'Adam',	'Misenko',	2,	9,	12),
(80,	'Seth',	'Misenko',	2,	5,	8),
(83,	'Rob',	'Cook',	2,	1,	4),
(90,	'Shawn',	'Gebbie',	2,	10,	13),
(92,	'Christopher',	'Conwill',	2,	11,	14),
(93,	'David',	'Conwill',	2,	9,	12),
(94,	'David',	'Gillespie',	2,	13,	17),
(99,	'John Mark',	'Hershberger',	2,	2,	5),
(103,	'Kurt',	'Kramer',	2,	3,	6),
(104,	'Kenton',	'Kramer',	2,	11,	14),
(105,	'Tommy',	'Lamborn',	2,	8,	11),
(106,	'David',	'Lamborn',	2,	6,	9),
(107,	'Michael',	'Leach',	2,	4,	7),
(113,	'Jonathan',	'Sommer',	2,	11,	14),
(116,	'Timothy',	'McQuerry',	2,	12,	15),
(117,	'Todd',	'Meridith',	2,	1,	4),
(121,	'Sean',	'Miller',	2,	2,	5),
(122,	'Reed',	'Monegan',	2,	3,	6),
(124,	'Steve',	'Nowack',	2,	9,	12),
(125,	'Matthew',	'Oates',	2,	5,	8),
(127,	'Kevin',	'Payne',	2,	14,	18),
(129,	'Rick',	'Powers',	2,	14,	18),
(130,	'Joshua',	'Powers',	2,	12,	15),
(132,	'Ryan',	'Roberts',	2,	11,	14),
(133,	'Darin',	'Rosenvold',	2,	13,	17),
(135,	'Jeff',	'Roth',	2,	11,	14),
(136,	'Jonathan',	'Roth',	2,	9,	12),
(137,	'John',	'Sebestyen',	2,	14,	18),
(138,	'David',	'Snyder',	2,	4,	7),
(139,	'Timothy',	'Work',	2,	12,	14),
(140,	'Andrew',	'Male',	2,	12,	15),
(144,	'William',	'Surgeon',	2,	14,	18),
(146,	'Ben',	'toot',	2,	12,	15),
(147,	'Michael',	'Smith',	2,	1,	4),
(149,	'Robert',	'Ward',	2,	2,	5),
(150,	'Bob',	'Weinerheimer',	2,	3,	6),
(151,	'Jeff',	'Williams',	2,	5,	8),
(152,	'Bo',	'Wilson',	2,	10,	13),
(153,	'Bill',	'Wilson',	2,	12,	15),
(154,	'Brian',	'Wolf',	2,	4,	7),
(157,	'Jay',	'Hardback',	2,	10,	13),
(158,	'Joe',	'Phillips',	2,	10,	13),
(159,	'Linden',	'Phillips',	2,	13,	17),
(161,	'Tom',	'Smith',	2,	10,	13),
(162,	'Thomas',	'Ellison',	2,	9,	12),
(163,	'Ben',	'Legg',	2,	9,	12),
(164,	'Marty',	'Walker',	2,	9,	12),
(166,	'Bobby',	'Scandlon',	2,	8,	11),
(167,	'Patrick',	'Scandlon',	2,	9,	12),
(168,	'Willard',	'Scandlon',	2,	12,	15),
(169,	'Austin',	'Scandlon',	2,	9,	12),
(170,	'Jimmy',	'Myers',	2,	8,	11),
(175,	'Tony',	'Dulgar',	2,	9,	12),
(176,	'Clifford',	'Phillips',	2,	4,	7),
(177,	'Scott',	'Phillips',	2,	1,	4),
(181,	'Rodge',	'Campbel',	2,	9,	12),
(182,	'Matthew',	'Perkins',	2,	12,	14),
(183,	'Leroy',	'Meadows',	2,	2,	5),
(185,	'John',	'Mullins',	2,	5,	8),
(186,	'Clifford',	'Roop',	2,	4,	9),
(187,	'Timothy',	'Roop',	2,	1,	4),
(189,	'Kim',	'Roose',	2,	13,	17),
(193,	'Michael',	'Tanner',	2,	12,	15),
(194,	'Michael',	'Vanek',	2,	9,	12),
(198,	'Paul',	'Brentlinger',	2,	3,	6),
(199,	'Paul',	'DeHart',	2,	14,	18),
(200,	'Nate',	'DeHart',	2,	12,	15),
(201,	'Nate',	'Wolf',	2,	10,	13),
(202,	'Grant',	'Steyer',	2,	10,	13),
(203,	'Todd',	'Steyer',	2,	8,	11),
(204,	'Teddy',	'Guyulas',	2,	12,	15),
(205,	'Tommy',	'Guyulas',	2,	10,	13),
(206,	'Wyatt',	'Cravatas',	2,	7,	10),
(207,	'Michael',	'Deuring',	2,	3,	5),
(208,	'Aaron',	'Hicks',	2,	4,	7),
(209,	'Doug',	'Dougherty',	2,	5,	8),
(211,	'Matthew',	'Honaker',	2,	3,	9),
(213,	'Andrew',	'Konya',	2,	5,	8),
(215,	'Fred',	'Leach',	2,	11,	14),
(216,	'Cole',	'Morgan',	2,	9,	12),
(217,	'Keeler',	'North',	2,	12,	14),
(218,	'Jason',	'Routzon',	2,	4,	7),
(219,	'Jim',	'Shimer',	2,	5,	8),
(220,	'Kevin',	'Tinter',	2,	1,	4),
(221,	'Daniel',	'Tousley',	2,	12,	16),
(223,	'Paul',	'Tousley',	2,	14,	18),
(224,	'Adam',	'Whitney',	2,	12,	14),
(226,	'Seth',	'Whitney',	2,	10,	13),
(227,	'Wesley',	'Loudermilk',	2,	12,	15),
(231,	'Wesley',	'Ziegler',	2,	11,	14),
(232,	'Charles',	'Ziegler',	2,	5,	11),
(233,	'David',	'Mullins',	2,	12,	14),
(234,	'Scott',	'Severence',	2,	13,	17),
(235,	'Jason',	'Stephens',	2,	12,	14),
(238,	'Brad',	'Seivers',	2,	3,	6),
(239,	'Zach',	'Oswold',	2,	8,	11),
(240,	'Wes',	'Boggs',	2,	7,	10),
(241,	'Matthew',	'Strang',	2,	7,	10),
(243,	'David',	'Meisner',	2,	13,	17),
(244,	'Wyatt',	'Henderson',	2,	8,	11),
(245,	'Adam',	'Wonus',	2,	8,	11),
(246,	'Matthew',	'McCleese',	2,	6,	9),
(247,	'Cameron',	'Vogle',	2,	8,	11),
(248,	'Bodie',	'Hillwig',	2,	5,	8),
(249,	'Kevin',	'Pesheck',	2,	12,	15),
(250,	'Ian',	'Pesheck',	2,	9,	12),
(251,	'Christian',	'Pesheck',	2,	7,	10),
(252,	'Andy',	'Zywick',	2,	14,	18),
(253,	'John',	'Zywick',	2,	14,	18),
(254,	'David',	'Brown',	2,	14,	18),
(255,	'Andrew',	'Stefan',	2,	11,	14),
(256,	'Matthew',	'Stefan',	2,	5,	11),
(257,	'Christopher',	'Brown',	2,	9,	12),
(259,	'Ben',	'Olsen',	2,	10,	13),
(261,	'Bryce',	'Sedio',	2,	9,	12),
(262,	'Jared',	'Wills',	2,	9,	12),
(263,	'Nick',	'WIlls',	2,	7,	10),
(264,	'Casey',	'O\'Brian',	2,	8,	11),
(265,	'Shawn',	'O\'Brian',	2,	9,	12),
(266,	'Jason',	'Linden',	2,	11,	14),
(267,	'Perry',	'Cohen',	2,	10,	13),
(268,	'Austin',	'Stephanos',	2,	10,	13),
(269,	'Steven',	'Roque',	2,	9,	12),
(270,	'Nathan',	'Roque',	2,	7,	10),
(272,	'Geoffry',	'Martel',	2,	7,	10),
(273,	'Gregory',	'Martel',	2,	8,	11),
(274,	'Grant',	'Martel',	2,	12,	15),
(277,	'Eric',	'Clinton',	2,	11,	14),
(278,	'J\'mark',	'Boliver',	2,	8,	11),
(279,	'J\'Herne',	'Boliver',	2,	13,	17),
(280,	'Mark',	'Zurowski',	2,	8,	11),
(281,	'Matthew',	'Zurowski',	2,	13,	17),
(282,	'Michael',	'Zurowski',	2,	11,	14),
(283,	'Duncan',	'McCord',	2,	9,	12),
(284,	'Malcom',	'McCord',	2,	10,	13),
(285,	'Angus',	'McCord',	2,	7,	10),
(286,	'Clay',	'Parris',	2,	10,	13),
(287,	'Kendall',	'Virginia',	2,	9,	12),
(288,	'Mathias',	'Uribe',	2,	11,	14),
(289,	'Nicholas',	'Uribe',	2,	13,	17),
(290,	'Michael',	'Stolzenberg',	2,	10,	13),
(291,	'Harris',	'Stolzenberg',	2,	14,	18),
(292,	'Philip',	'Mashki',	2,	9,	12),
(293,	'Philip',	'Mahi',	2,	9,	12),
(294,	'Florian',	'France',	2,	10,	14),
(295,	'Julian',	'France',	2,	8,	11),
(297,	'Donny',	'harmison',	2,	11,	14),
(299,	'Donny',	'MPMS',	2,	9,	12),
(300,	'Chris',	'Keope',	2,	9,	12),
(301,	'Jake',	'Carner',	2,	10,	13),
(302,	'Jake',	'Jurowski',	2,	10,	13),
(303,	'Robbie',	'MPMS',	2,	10,	14),
(304,	'Phillip',	'Green',	2,	10,	13),
(305,	'Shawn',	'Green',	2,	9,	12),
(306,	'shawn',	'gray',	2,	10,	13),
(307,	'Brandon',	'Knight',	2,	10,	13),
(308,	'Phillip',	'Wilsie',	2,	11,	14),
(309,	'Caleb',	'Hollo',	2,	12,	14),
(310,	'Jared',	'Grey',	2,	10,	13),
(311,	'Redmond',	'Gerard',	2,	13,	17),
(312,	'Tom',	'Holland',	2,	12,	14),
(313,	'Lucas',	'Judy',	2,	9,	12),
(314,	'Lucas',	'Benentt',	2,	11,	14),
(315,	'Jared',	'Enting',	2,	11,	14),
(316,	'Jared',	'MPMS',	2,	9,	12),
(317,	'Frank',	'Panstingal',	2,	11,	14),
(318,	'Adrian',	'Wilson',	2,	11,	14),
(319,	'Cory',	'Saddler',	2,	11,	14),
(320,	'Nick',	'Markley',	2,	12,	15),
(321,	'Telo ',	'Grove',	2,	7,	10),
(324,	'Danny',	'Bevan',	2,	10,	13),
(328,	'Josh',	'Green',	2,	9,	12),
(329,	'Garett',	'Stewart',	2,	9,	12),
(331,	'Mark',	'Bazemore',	2,	12,	15),
(332,	'John',	'McVicker',	2,	11,	14),
(333,	'Frank',	'DeCapio',	2,	9,	12),
(334,	'Mark',	'Sunde',	2,	8,	11),
(335,	'Jeremy',	'Morningstar',	2,	9,	12),
(336,	'Jordan',	'Zolman',	2,	10,	13),
(337,	'John',	'Skyview',	2,	10,	13),
(338,	'Mason',	'Cooley',	2,	10,	13),
(339,	'Connor',	'masonfriend',	2,	10,	13),
(340,	'Greg',	'Kinitis',	2,	12,	15),
(341,	'Adam',	'Johnson',	2,	7,	10),
(342,	'Justin',	'Bonheim',	2,	8,	11),
(343,	'Blake',	'Bonheim',	2,	5,	8),
(344,	'Andrew',	'Sherer',	2,	13,	17),
(345,	'Mark',	'Zuiderveen',	2,	13,	17),
(346,	'Jim',	'Ringer',	2,	14,	18),
(347,	'Jason',	'Mascari',	2,	14,	18),
(348,	'brent',	'Davis',	2,	14,	18),
(349,	'Danny',	'Kyper',	2,	13,	17),
(350,	'Danny',	'Webster',	2,	11,	15),
(351,	'clay',	'Febus',	2,	14,	18),
(352,	'Brian',	'clayfriend',	2,	14,	18),
(353,	'David',	'Farley',	2,	9,	12),
(354,	'Tyler',	'Andrew',	2,	7,	10),
(355,	'Brian',	'Vickers',	2,	10,	13),
(356,	'Anthony',	'PIasano',	2,	9,	12),
(357,	'Zach',	'Arnold',	2,	10,	13),
(358,	'Brandon',	'Kaskey',	2,	8,	11),
(359,	'Jimmy',	'Kaskey',	2,	9,	12),
(360,	'Jimmy',	'Guess',	2,	10,	13),
(361,	'Eric',	'Guillentine',	2,	11,	14),
(362,	'Joshua',	'Mullins',	2,	11,	14),
(363,	'Nathan',	'Cunningham',	2,	12,	16),
(364,	'Seth',	'Cunningham',	2,	10,	13),
(365,	'Benny',	'Cunningham',	2,	9,	12),
(367,	'Alexi',	'Ivanovich',	2,	8,	12),
(368,	'Ivan',	'Demitrovich',	2,	9,	12),
(369,	'Dale',	'Berskin',	2,	10,	13),
(370,	'Matt',	'Carper',	2,	10,	13),
(371,	'Jack',	'Carper',	2,	10,	13),
(372,	'Austin',	'Oh',	2,	10,	13),
(373,	'Ryan',	'Hornack',	2,	11,	14),
(374,	'Shawn',	'Baisden',	2,	6,	9),
(375,	'Jimmy',	'Meyers',	2,	6,	9),
(376,	'Jimmy',	'Murphy',	2,	14,	18),
(377,	'Brad',	'Brock',	2,	14,	18),
(378,	'Randy',	'Richner',	2,	14,	18),
(381,	'Andrew',	'Witzak',	2,	10,	13),
(383,	'Kyle',	'Bruffy',	2,	10,	14),
(384,	'Alex',	'dakota',	2,	9,	12),
(385,	'Danny',	'Dakota',	2,	6,	9),
(386,	'David',	'Calif',	2,	13,	11),
(387,	'Jeremy',	'playfirstbase',	2,	10,	13),
(388,	'David',	'Jamison',	2,	8,	11),
(389,	'Barry',	'Horvath',	2,	6,	9),
(390,	'Marc',	'Berry',	2,	9,	12),
(391,	'Marc',	'Calif',	2,	11,	14),
(392,	'Troy',	'Berry',	2,	8,	11),
(393,	'Kyle',	'Chippewa',	2,	10,	14),
(394,	'Matthew',	'Lacrosse',	2,	12,	15),
(395,	'Derwin',	'Loverink',	2,	13,	16),
(396,	'Peter',	'Loverink',	2,	8,	11),
(397,	'Aiden',	'Loverink',	2,	6,	9),
(398,	'Gordy',	'Sanders',	2,	13,	17),
(399,	'Nico',	'White',	2,	11,	14),
(400,	'Tommy',	'Brady',	2,	10,	13),
(401,	'Aaron',	'Green',	2,	6,	9),
(405,	'Mike',	'Long',	2,	13,	17),
(406,	'Mike',	'Cole',	2,	6,	9),
(407,	'Jordan',	'Grills',	2,	8,	11),
(408,	'Johnny',	'McDougal',	2,	14,	18),
(409,	'Steve',	'Brown',	2,	13,	17),
(410,	'Greg',	'Streme',	2,	11,	14),
(411,	'Abdul',	'Gassed',	2,	11,	14),
(412,	'Greg ',	'Cornelius',	2,	10,	14),
(414,	'Bobby',	'Pembridge',	2,	8,	11),
(415,	'Tim',	'Miskimen',	2,	8,	11),
(416,	'Ryan',	'O\'Callaghan',	2,	9,	12),
(417,	'Eric',	'O\'Callaghan',	2,	11,	14),
(419,	'Codi',	'Schmidt-McPhee',	2,	14,	18),
(420,	'Ty',	'Sheridin',	2,	11,	14),
(421,	'Jacob seth',	'Loughland',	2,	11,	14),
(422,	'Seth',	'Clearwater',	2,	12,	14),
(423,	'Thomas',	'Brodi-Sanger',	2,	13,	17),
(424,	'Mickey',	'Matson',	2,	11,	13),
(425,	'Brett',	'Portage',	2,	9,	12),
(426,	'Brett',	'Nau',	2,	11,	14),
(427,	'David',	'Wright',	2,	8,	11),
(428,	'Frankie',	'Suthard',	2,	13,	17),
(429,	'Cody',	'Suthard',	2,	9,	12),
(430,	'Jase',	'Suthard',	2,	7,	10),
(431,	'Philip',	'Smith-bros',	2,	14,	18),
(432,	'Reshet',	'Moti',	2,	10,	13),
(433,	'CJ',	'Scout',	2,	8,	11),
(434,	'Caleb',	'Scout',	2,	7,	10),
(435,	'Chris',	'Scout',	2,	8,	11),
(437,	'Misha',	'Hotel',	2,	8,	11),
(438,	'Matty',	'Aussie',	2,	14,	18),
(439,	'Julian',	'Aussie',	2,	12,	15),
(440,	'Mikey',	'Argy',	2,	10,	13),
(441,	'Sandro',	'Argy',	2,	10,	13),
(442,	'Jeremy',	'Kocher',	2,	10,	13),
(443,	'Zach',	'Kocher',	2,	8,	11),
(444,	'Gregory',	'Petek',	2,	11,	14),
(445,	'Thomas',	'Petek',	2,	11,	14),
(446,	'Mark',	'Regowski',	2,	11,	14),
(447,	'Randall',	'Bolinger',	2,	11,	14),
(448,	'Eric',	'Larson',	2,	10,	9),
(449,	'Steven',	'Larson',	2,	6,	9),
(450,	'Carter',	'Bratton',	2,	10,	13),
(451,	'Rotem',	'Mathias',	2,	13,	17),
(452,	'Erick',	'Johnson',	2,	14,	18),
(454,	'Jacob',	'Wetterling',	2,	9,	12),
(455,	'Tom',	'Daley',	2,	12,	15),
(456,	'Tom',	'Danley',	2,	12,	15),
(457,	'Brig',	'Miller',	2,	8,	11),
(458,	'Dillon',	'Weisler',	2,	8,	11),
(459,	'Jaden',	'Henline',	2,	10,	13),
(463,	'Ryan',	'McManus',	2,	8,	11),
(464,	'Jacob',	'Miracle',	2,	8,	11),
(465,	'Aiden',	'Bryant',	2,	13,	17),
(466,	'Bo',	'Folger',	2,	7,	10),
(467,	'Tyler',	'Folger',	2,	9,	12),
(468,	'Lucas',	'Folger',	2,	10,	14),
(469,	'Cort',	'Oregon',	2,	11,	14),
(470,	'David',	'Whitewolf',	2,	8,	11),
(471,	'Ralph',	'Marachio',	2,	13,	17),
(472,	'Devon',	'Sawa',	2,	14,	18),
(473,	'Greg',	'Xenon',	2,	11,	14),
(474,	'Robert',	'Irwin',	2,	12,	16),
(475,	'Drilon',	'Krane',	2,	6,	9),
(476,	'Drin',	'Krane',	2,	11,	14),
(477,	'Lucas',	'Wallencheck',	2,	12,	16),
(478,	'Brian',	'Clouds',	2,	9,	12),
(479,	'Charlie',	'Bandan',	2,	10,	13),
(480,	'Tyler',	'VA',	2,	8,	11),
(481,	'Grayson',	'DC',	2,	13,	16),
(482,	'Tanner',	'VA',	2,	9,	12),
(483,	'Taylor',	'Starr',	2,	8,	11),
(484,	'Hunter',	'Starr',	2,	8,	11),
(485,	'Thomas',	'Tex',	2,	9,	12),
(486,	'Robert',	'Burroughs',	2,	5,	9),
(487,	'David',	'Anthony',	2,	4,	7),
(488,	'William',	'Blakeney',	2,	9,	12),
(489,	'Philip',	'Model',	2,	12,	15),
(490,	'Scott',	'Allen',	2,	10,	13),
(491,	'Scott',	'Drummond',	2,	10,	13),
(492,	'Ron',	'Drummond',	2,	12,	16),
(493,	'Brett',	'Klauss',	2,	10,	13),
(494,	'Jason',	'Klauss',	2,	9,	12),
(496,	'Zach',	'Garner',	2,	10,	13),
(497,	'Keegan',	'Garner',	2,	7,	10),
(498,	'Zach',	'Mesinko',	2,	10,	13),
(499,	'Adam',	'Mesinko',	2,	8,	11),
(500,	'Danny',	'Chambers',	2,	8,	11),
(501,	'Danny',	'Honeycutt',	2,	7,	10),
(502,	'Danny',	'Winton',	2,	8,	11),
(503,	'Lars',	'Eckburg',	2,	11,	14),
(509,	'Duke',	'Gains',	2,	10,	13),
(510,	'Jeff',	'Mohler',	2,	14,	18),
(511,	'Andrew',	'Mohler',	2,	11,	14),
(512,	'Nathan',	'Mohler',	2,	14,	18),
(513,	'Jacob',	'Mohler',	2,	12,	15),
(514,	'Martin',	'Mohler',	2,	8,	11),
(515,	'Randall',	'Mohler',	2,	6,	8),
(516,	'Jeremy',	'Reeder',	2,	7,	10),
(517,	'Ben',	'Hawley',	2,	7,	10),
(518,	'Joshua',	'Robb',	2,	13,	17),
(519,	'JJ',	'Robb',	2,	9,	12),
(520,	'Joey',	'Robb',	2,	6,	8),
(521,	'Ilia',	'Malinin',	2,	13,	17),
(522,	'Simon',	'Brown',	2,	8,	11),
(523,	'Tyler',	'Kobel',	2,	9,	12),
(524,	'Mario',	'Roulette',	2,	8,	11),
(525,	'Rick',	'Dancer',	2,	9,	12),
(526,	'Gabriel',	'Silva',	2,	14,	17),
(527,	'Joshua',	'Kontour',	2,	9,	12),
(528,	'Evan',	'Kontour',	2,	13,	17),
(529,	'Joshua',	'Dundr',	2,	9,	12),
(530,	'David',	'Merk',	2,	10,	13),
(531,	'Charles',	'Ridley',	2,	14,	18),
(532,	'Johnathan',	'Ridley',	2,	12,	16),
(533,	'Paul',	'Ridley',	2,	10,	13),
(534,	'Michael',	'Slayton',	2,	6,	9),
(535,	'Christian',	'Slayton',	2,	12,	15),
(536,	'Levi',	'McCoaughey',	2,	12,	15),
(537,	'Livingston',	'McConaughey',	2,	7,	10),
(538,	'William',	'Vance',	2,	11,	15),
(539,	'Andrew',	'Miller',	2,	6,	9),
(540,	'Bradley',	'Little',	2,	6,	9),
(541,	'Curtis',	'Post',	2,	8,	11),
(542,	'Scout',	'Beachovich',	2,	7,	10),
(543,	'Deven',	'Jackson',	2,	13,	17),
(544,	'Casey',	'Likes',	2,	13,	17),
(545,	'Eitan',	'Yahalomi',	2,	9,	12),
(546,	'Rizkallah',	'Saliba',	2,	14,	18),
(547,	'Austin',	'Saliba',	2,	13,	17),
(548,	'David',	'Saliba',	2,	13,	17);

-- 2024-01-23 21:05:11
